,n_datos,valor_med,valor_max,valor_min
0,0.02473363774733638,0.02473363774733638,0.02473363774733638,0.02473363774733638
